series_id,シリーズ識別子,ідентифікатор,timestamp,target,input1,input2,input3,input4,input5
1,11,111,01/10/17,1782.274598,0.147876435,A,A A C,12/19/16,A
1,11,111,01/11/17,301.4765772,0.966324189,A,A A B,10/4/16,A
1,11,111,01/12/17,-329.9424132,0.698416877,B,A A C,12/4/16,A
1,11,111,01/13/17,490.6143959,0.504265035,A,A B ,11/6/16,A
1,11,111,01/14/17,371.9478206,0.897015135,A,C A ,10/14/16,A
1,11,111,01/15/17,336.986453,0.83145418,C,B ,11/6/16,A
1,11,111,01/16/17,-835.2331484,0.862005677,A,C A ,12/30/16,A
1,11,111,01/17/17,1198.139272,0.763498907,A,A B,10/11/16,A
1,11,111,01/18/17,171.656817,0.107397023,C,A B ,10/30/16,A
1,11,111,01/19/17,74.49565065,0.589854549,C,B A A ,10/25/16,A
1,11,111,01/20/17,-58.36278324,0.781475195,A,B A ,11/6/16,A
1,11,111,01/21/17,1009.119498,0.563846394,A,A C,10/8/16,A
1,11,111,01/22/17,1017.542653,0.57369407,A,C B C,10/26/16,A
1,11,111,01/23/17,147.0887085,0.101856507,A,B A ,10/20/16,A
1,11,111,01/24/17,1106.054515,0.415401415,A,A B B,12/21/16,A
1,11,111,01/25/17,1461.620575,0.349937083,A,A A ,10/12/16,A
1,11,111,01/26/17,-421.6646613,0.415004604,A,A A C,12/26/16,A
1,11,111,01/27/17,-248.5965576,0.210073499,C,B A ,12/4/16,A
1,11,111,01/28/17,1705.355554,0.331206089,A,B A C,11/3/16,A
1,11,111,01/29/17,1101.944549,0.670451655,A,C A B ,12/22/16,A
1,11,111,01/30/17,905.3000604,0.633542629,A,C A B,10/18/16,A
1,11,111,01/31/17,2321.776911,0.290061783,A,B C B C,10/21/16,A
1,11,111,02/01/17,1668.342228,0.971595086,B,A A C,12/3/16,A
1,11,111,02/02/17,-132.8089202,0.939158819,B,B B B,11/26/16,A
1,11,111,02/03/17,312.9199143,0.109591956,A,C A ,11/29/16,A
1,11,111,02/04/17,1571.543551,0.27933065,A,A A ,12/5/16,A
1,11,111,02/05/17,889.7894722,0.763671093,C,A A ,11/28/16,A
1,11,111,02/06/17,1986.340907,0.623993669,A,C B ,11/5/16,A
1,11,111,02/07/17,3087.222522,0.475144404,A,B B ,11/25/16,A
1,11,111,02/08/17,3170.482284,0.93752811,B,B A A ,10/29/16,A
1,11,111,02/09/17,40.33334643,0.796377478,A,C A A B,12/26/16,A
1,11,111,02/10/17,952.7553323,0.425212301,A,C ,11/6/16,A
1,11,111,02/11/17,2119.801401,0.678368143,A,B A A ,11/12/16,A
1,11,111,02/12/17,1689.912543,0.411952322,A,B C ,10/26/16,A
1,11,111,02/13/17,2525.289389,0.312412041,A,B C A C,11/28/16,A
1,11,111,02/14/17,2891.316969,0.803974238,A,C C ,1/7/17,A
1,11,111,02/15/17,4414.705269,0.829434281,A,A B ,11/4/16,A
1,11,111,02/16/17,-444.6090768,0.699652751,B,B C,2/4/17,A
1,11,111,02/17/17,1713.353314,0.327461303,A,,11/15/16,A
1,11,111,02/18/17,2541.458165,0.031797442,C,B A B,11/21/16,A
1,11,111,02/19/17,1845.453464,0.659896584,A,B A B B,12/24/16,A
1,11,111,02/20/17,2087.870355,0.37656286,B,B C B ,1/31/17,A
1,11,111,02/21/17,3820.408173,0.600122893,A,B A A ,11/20/16,A
1,11,111,02/22/17,3687.849528,0.741713861,C,A A ,2/8/17,A
1,11,111,02/23/17,837.0925174,0.759409372,A,C B ,11/17/16,A
1,11,111,02/24/17,1796.997089,0.474013983,B,B A B,12/25/16,A
1,11,111,02/25/17,3737.625424,0.333905742,A,A B B,11/14/16,A
1,11,111,02/26/17,2754.777379,0.893642892,A,A B ,12/9/16,A
1,11,111,02/27/17,2915.82917,0.381336371,A,B A A ,12/15/16,A
1,11,111,02/28/17,3514.639461,0.871002973,A,C A C,1/8/17,A
1,11,111,03/01/17,2745.775561,0.563826216,B,C A B ,2/15/17,A
1,11,111,03/02/17,50.48883412,0.101230242,A,A B C,2/20/17,A
1,11,111,03/03/17,1257.192218,0.745362109,B,B A A C,1/29/17,A
1,11,111,03/04/17,3384.633587,0.847535246,A,C C ,1/16/17,A
1,11,111,03/05/17,1847.560971,0.201163313,C,B ,2/18/17,A
1,11,111,03/06/17,3201.046814,0.423305697,C,A A ,1/17/17,A
1,11,111,03/07/17,3386.756136,0.555250187,C,C A A C,1/22/17,A
1,11,111,03/08/17,2603.073181,0.13456941,B,B B C,1/31/17,A
1,11,111,03/09/17,255.0075623,0.319385161,B,B B ,1/11/17,A
1,11,111,03/10/17,900.6342197,0.770076753,B,A A ,2/26/17,A
1,11,111,03/11/17,3505.118839,0.278385698,B,C A A B,1/12/17,A
1,11,111,03/12/17,2522.925886,0.469852626,C,A ,1/13/17,A
1,11,111,03/13/17,3908.097239,0.846786325,A,B A B ,12/23/16,A
1,11,111,03/14/17,3804.221264,0.399009067,C,A A ,12/13/16,A
1,11,111,03/15/17,2378.910029,0.364422796,B,C C,2/20/17,A
1,11,111,03/16/17,1122.897032,0.645596077,A,A B,12/9/16,A
1,11,111,03/17/17,702.2948357,0.289267399,B,A B C,2/6/17,A
1,11,111,03/18/17,3371.052546,0.703517073,C,A ,2/7/17,A
1,11,111,03/19/17,2150.332796,0.726746907,B,B A B,3/5/17,A
1,11,111,03/20/17,4230.401845,0.809669715,C,A B,1/11/17,A
1,11,111,03/21/17,4564.14409,0.193060045,B,,12/26/16,A
1,11,111,03/22/17,1377.792343,0.323483769,A,B A A C,3/6/17,A
1,11,111,03/23/17,1166.125896,0.205129445,A,A A B,1/26/17,A
1,11,111,03/24/17,-21.01765068,0.429354377,C,A B ,3/9/17,A
1,11,111,03/25/17,4730.509393,0.888763591,A,A B,12/27/16,A
1,11,111,03/26/17,3040.781988,0.567782276,A,B C B ,12/17/16,A
1,11,111,03/27/17,5007.362655,0.116828678,C,C A B C,1/8/17,A
1,11,111,03/28/17,3904.767174,0.366199481,B,B ,3/6/17,A
1,11,111,03/29/17,1633.706401,0.688249926,A,C A ,2/25/17,A
1,11,111,03/30/17,2521.032291,0.83967014,C,,12/29/16,A
1,11,111,03/31/17,1427.256739,0.889159567,C,B C A C,12/21/16,A
1,11,111,04/01/17,4128.350235,0.229172525,A,C A ,3/10/17,A
1,11,111,04/02/17,3858.536227,0.403149211,C,C A A B,1/29/17,A
1,11,111,04/03/17,4962.871931,0.186582314,C,B C,3/15/17,A
1,11,111,04/04/17,4131.926626,0.460018491,C,A B ,2/15/17,A
1,11,111,04/05/17,2073.026921,0.994572646,B,C A A ,2/18/17,A
1,11,111,04/06/17,3200.331926,0.845173922,A,C C A ,1/18/17,A
1,11,111,04/07/17,2561.27497,0.154181506,B,C A A ,12/22/16,A
1,11,111,04/08/17,5305.139283,0.64569213,B,B C A B,1/25/17,A
1,11,111,04/09/17,3890.115797,0.894735672,A,B A C,3/18/17,A
1,11,111,04/10/17,5099.089382,0.501468057,A,C A A B,2/19/17,A
1,11,111,04/11/17,5687.180368,0.904792173,B,B ,1/6/17,A
1,11,111,04/12/17,2468.169168,0.014039974,A,C A B B,2/25/17,A
1,11,111,04/13/17,2911.89383,0.879418516,A,B A B,3/14/17,A
1,11,111,04/14/17,2405.671998,0.742279769,C,C,2/26/17,A
1,11,111,04/15/17,5892.141153,0.286736441,C,,1/13/17,A
1,11,111,04/16/17,4328.513319,0.127207609,C,A ,3/7/17,A
1,11,111,04/17/17,4883.630639,0.458466907,C,C A B,2/26/17,A
1,11,111,04/18/17,5097.989662,0.428509853,B,A A B,3/30/17,A
1,11,111,04/19/17,1860.956676,0.076743653,A,B C,3/17/17,A
1,11,111,04/20/17,4015.44604,0.677628647,C,C B C,1/5/17,A
1,11,111,04/21/17,2405.672637,0.243437242,A,B A B C,3/28/17,A
1,11,111,04/22/17,7363.190812,0.713341129,A,B A A B,1/27/17,A
1,11,111,04/23/17,5078.891609,0.713493422,C,B C ,2/27/17,A
1,11,111,04/24/17,6132.942048,0.33392241,A,A B ,1/16/17,A
1,11,111,04/25/17,6322.518327,0.850547942,C,A C,1/6/17,A
1,11,111,04/26/17,1884.609519,0.317677527,B,C B ,4/5/17,A
1,11,111,04/27/17,4601.756214,0.451275674,A,A A C,2/4/17,A
1,11,111,04/28/17,2315.104343,0.90544186,C,A B ,3/27/17,A
1,11,111,04/29/17,7785.230813,0.091781312,A,C,3/3/17,A
1,11,111,04/30/17,5079.136915,0.180204152,C,C C A ,3/22/17,A
1,11,111,05/01/17,7323.718207,0.139368812,A,C A A ,1/20/17,A
1,11,111,05/02/17,7332.213658,0.419897856,B,A ,1/26/17,A
1,11,111,05/03/17,2770.528677,0.817062587,A,A ,3/8/17,A
1,11,111,05/04/17,5294.88275,0.574353707,A,C B,3/1/17,A
1,11,111,05/05/17,3152.720746,0.404978,B,C B C,2/11/17,A
1,11,111,05/06/17,7331.109499,0.097772188,B,C A ,4/9/17,A
1,11,111,05/07/17,6171.886566,0.965532719,B,B C,2/22/17,A
1,11,111,05/08/17,7343.024993,0.751453494,C,B ,3/19/17,A
1,11,111,05/09/17,8853.229481,0.915606764,A,B C B,1/21/17,A
1,11,111,05/10/17,3736.374442,0.161157932,A,A A B,2/16/17,A
1,11,111,05/11/17,6814.614499,0.357608829,B,C ,2/21/17,A
1,11,111,05/12/17,3730.358862,0.929760333,C,A A ,3/24/17,A
1,11,111,05/13/17,6883.341008,0.339217303,A,C A C,5/1/17,A
1,11,111,05/14/17,5884.761889,0.071509362,A,C C C,4/18/17,A
1,11,111,05/15/17,8662.755363,0.860739781,B,A A ,2/25/17,A
1,11,111,05/16/17,8969.899469,0.097843738,A,B A ,4/18/17,A
1,11,111,05/17/17,5590.708178,0.925683152,C,A B,1/30/17,A
1,11,111,05/18/17,7108.700933,0.33907408,B,A B ,4/29/17,A
1,11,111,05/19/17,3497.528186,0.91132829,A,A ,4/14/17,A
1,11,111,05/20/17,8562.929263,0.634268102,B,C C B ,2/4/17,A
1,11,111,05/21/17,6852.001083,0.955013132,B,C A A ,4/1/17,A
1,11,111,05/22/17,10008.77717,0.443686802,A,B C B ,2/22/17,A
1,11,111,05/23/17,9960.165998,0.218207319,C,A A B,2/12/17,A
1,11,111,05/24/17,6028.728006,0.740755054,B,C B B,3/28/17,A
1,11,111,05/25/17,8615.589298,0.903230881,A,B A ,2/14/17,A
1,11,111,05/26/17,3550.874734,0.456652261,B,A ,4/11/17,A
1,11,111,05/27/17,10120.4524,0.342677369,A,C C,2/24/17,A
1,11,111,05/28/17,7886.834867,0.944226643,A,A A B,2/21/17,A
1,11,111,05/29/17,9625.493772,0.697033335,A,A ,5/12/17,A
1,11,111,05/30/17,11700.06457,0.642132753,A,C C,2/20/17,A
1,11,111,05/31/17,5849.551472,0.80765197,C,C,5/19/17,A
1,11,111,06/01/17,10446.4087,0.734626441,A,B B,2/27/17,A
1,11,111,06/02/17,5095.780476,0.778628144,A,B C A ,3/7/17,A
1,11,111,06/03/17,11955.0663,0.759074112,B,A A C,3/3/17,A
1,11,111,06/04/17,8911.002869,0.44784351,B,A B B,4/3/17,A
1,11,111,06/05/17,9887.179977,0.044885056,C,C C,5/15/17,A
1,11,111,06/06/17,13079.07353,0.106925583,A,A ,3/13/17,A
1,11,111,06/07/17,6766.954384,0.296143315,B,C ,3/11/17,A
1,11,111,06/08/17,12114.56839,0.564825679,A,C B ,3/1/17,A
1,11,111,06/09/17,4675.803631,0.999206533,C,C B B,5/16/17,A
1,11,111,06/10/17,12646.17029,0.661242474,A,A ,5/4/17,A
1,11,111,06/11/17,9358.832605,0.841246144,A,A C,4/21/17,A
1,11,111,06/12/17,10381.69975,0.494172549,C,B C B ,5/1/17,A
1,11,111,06/13/17,13548.77305,0.408717178,C,B A C,4/17/17,A
1,11,111,06/14/17,7392.53967,0.333293573,A,C A B B,4/23/17,A
1,11,111,06/15/17,11920.94531,0.610539214,B,B A B C,5/15/17,A
1,11,111,06/16/17,4215.649884,0.027784446,C,A A B,5/26/17,A
1,11,111,06/17/17,13529.52269,0.212271234,B,C B ,5/9/17,A
1,11,111,06/18/17,9934.828195,0.064890539,C,C A A C,5/2/17,A
1,11,111,06/19/17,11307.19191,0.125361522,A,A A ,4/8/17,A
1,11,111,06/20/17,14057.33751,0.231376088,A,B A C,5/1/17,A
1,11,111,06/21/17,7328.207016,0.22597614,A,C A B B,5/12/17,A
1,11,111,06/22/17,12585.41682,0.02639308,C,B C,4/13/17,A
1,11,111,06/23/17,4767.584761,0.512299995,A,C A ,4/20/17,A
1,11,111,06/24/17,13702.49505,0.991855728,A,A A ,6/13/17,A
1,11,111,06/25/17,10341.04292,0.744453777,C,A A B,5/15/17,A
1,11,111,06/26/17,13156.82939,0.66056342,A,C B ,3/19/17,A
1,11,111,06/27/17,15895.05613,0.50643615,A,C C A ,3/20/17,A
1,11,111,06/28/17,8005.134683,0.965904483,A,C C,5/4/17,A
1,11,111,06/29/17,13528.15379,0.659730007,C,A A B,5/16/17,A
1,11,111,06/30/17,6995.337433,0.618848245,A,C B,3/16/17,A
1,11,111,07/01/17,14837.03465,0.881962896,C,C C C,5/9/17,A
1,11,111,07/02/17,10715.86848,0.981223355,A,C C B ,6/6/17,A
1,11,111,07/03/17,14468.1963,0.131261284,A,C C A C,4/28/17,A
1,11,111,07/04/17,17732.87607,0.071824206,A,C A ,3/19/17,A
1,11,111,07/05/17,8328.583616,0.263647011,B,C A A ,5/31/17,A
1,11,111,07/06/17,14287.26112,0.097901716,A,C A B,4/16/17,A
1,11,111,07/07/17,8605.471967,0.068450757,A,B A C,4/16/17,A
1,11,111,07/08/17,15634.93561,0.05442607,A,C C A B,5/30/17,A
1,11,111,07/09/17,11665.56786,0.679253808,B,A ,5/10/17,A
1,11,111,07/10/17,15154.58905,0.117902794,A,B C B ,4/23/17,A
1,11,111,07/11/17,18743.62278,0.037033281,A,B A C,4/10/17,A
1,11,111,07/12/17,9098.796465,0.678039097,C,C A A ,6/5/17,A
1,11,111,07/13/17,14915.10894,0.585358506,A,A B ,6/7/17,A
1,11,111,07/14/17,8352.914899,0.981340691,A,A A C,6/27/17,A
1,11,111,07/15/17,17604.81424,0.440073631,B,B A A B,4/16/17,A
1,11,111,07/16/17,13262.28685,0.346453638,A,C C A B,4/3/17,A
1,11,111,07/17/17,15049.65498,0.207205751,A,C B C,6/28/17,A
1,11,111,07/18/17,19048.08351,0.283500618,B,A ,7/5/17,A
1,11,111,07/19/17,9718.774848,0.694912731,A,C C,6/5/17,A
1,11,111,07/20/17,15241.85132,0.736324305,C,B B ,6/8/17,A
1,11,111,07/21/17,10431.25264,0.870886418,A,B A A B,4/11/17,A
1,11,111,07/22/17,17881.6589,0.334219649,C,C A ,7/4/17,A
1,11,111,07/23/17,15080.21008,0.087578742,A,C A B ,4/11/17,A
1,11,111,07/24/17,15089.50031,0.126558481,A,B C B B,7/2/17,A
1,11,111,07/25/17,20363.46879,0.496444409,A,C A ,5/24/17,A
1,11,111,07/26/17,11242.93436,0.509991215,A,C C B ,4/24/17,A
1,11,111,07/27/17,15415.34721,0.066889189,A,B B C,6/12/17,A
1,11,111,07/28/17,11758.89398,0.865345129,A,B A A C,4/29/17,A
1,11,111,07/29/17,18401.48065,0.160292283,A,A C,7/12/17,A
1,11,111,07/30/17,15800.11029,0.174146175,B,B A A C,6/28/17,A
1,11,111,07/31/17,15469.8271,0.988441768,B,A B ,6/19/17,A
1,11,111,08/01/17,21233.63587,0.908807517,C,A B C,6/10/17,A
1,11,111,08/02/17,11527.17414,0.557060914,C,B B B,6/24/17,A
1,11,111,08/03/17,15499.35343,0.794404279,A,B A ,6/26/17,A
1,11,111,08/04/17,12652.39114,0.912845262,A,,6/9/17,A
1,11,111,08/05/17,19596.46386,0.806861096,A,C A ,5/5/17,A
1,11,111,08/06/17,16638.67341,0.336362043,A,C A B,5/24/17,A
1,11,111,08/07/17,16754.2388,0.651432398,A,C A C,5/19/17,A
1,11,111,08/08/17,21758.0361,0.530916533,A,C B ,6/30/17,A
1,11,111,08/09/17,12091.1914,0.340465927,C,C C ,6/16/17,A
1,11,111,08/10/17,17193.29786,0.856357972,A,A A C,4/24/17,A
1,11,111,08/11/17,14588.28434,0.267958961,C,A A B,4/29/17,A
1,11,111,08/12/17,20861.11976,0.119618643,C,B A A B,6/10/17,A
1,11,111,08/13/17,18075.67311,0.987509737,A,C ,5/8/17,A
1,11,111,08/14/17,17803.14381,0.544927628,A,C A ,6/27/17,A
1,11,111,08/15/17,22868.13682,0.506406982,B,C ,7/12/17,A
1,11,111,08/16/17,13659.49243,0.885482211,A,A B C,5/24/17,A
1,11,111,08/17/17,18049.19752,0.336409575,B,A ,7/25/17,A
1,11,111,08/18/17,16415.21584,0.505261629,B,A C,6/1/17,A
1,11,111,08/19/17,21320.75836,0.160262129,A,B C C,6/26/17,A
1,11,111,08/20/17,19677.45474,0.582693736,B,C A A ,5/19/17,A
1,11,111,08/21/17,18802.87826,0.213038142,B,A ,7/20/17,A
1,11,111,08/22/17,25341.41738,0.382947588,B,A B B,5/11/17,A
1,11,111,08/23/17,14529.35574,0.362716668,A,B A A ,7/24/17,A
1,11,111,08/24/17,20240.87835,0.238864701,B,C C,5/8/17,A
1,11,111,08/25/17,17198.10162,0.958418404,B,C,7/28/17,A
1,11,111,08/26/17,22622.76065,0.031934048,A,B ,7/8/17,A
1,11,111,08/27/17,21172.42155,0.518465758,B,C A ,5/26/17,A
1,11,111,08/28/17,20778.41209,0.394021856,B,C B,5/21/17,A
1,11,111,08/29/17,26738.03774,0.967277877,C,C A ,6/23/17,A
1,11,111,08/30/17,15255.21066,0.371311905,A,C A ,6/29/17,A
1,11,111,08/31/17,20458.51393,0.513188075,C,B C,7/23/17,A
1,11,111,09/01/17,19023.45703,0.27499497,B,B A B C,6/18/17,A
1,11,111,09/02/17,24030.40919,0.224312278,B,C A B,6/28/17,A
1,11,111,09/03/17,22048.81752,0.433458929,B,C A A C,7/3/17,A
1,11,111,09/04/17,22510.10022,0.817496628,B,A B ,5/25/17,A
1,11,111,09/05/17,28646.20864,0.436951378,A,C A A ,6/21/17,A
1,11,111,09/06/17,16734.99089,0.477508612,A,C B ,6/17/17,A
1,11,111,09/07/17,21373.63468,0.30123685,B,C C A ,8/20/17,A
1,11,111,09/08/17,19009.80428,0.341190015,C,B,8/26/17,A
1,11,111,09/09/17,25539.19082,0.742647624,A,C A B,6/21/17,A
1,11,111,09/10/17,24365.07399,0.579754711,A,C A A B,5/28/17,A
1,11,111,09/11/17,23819.50046,0.585099595,B,C A C,6/24/17,A
1,11,111,09/12/17,29855.50325,0.996428116,A,A B,7/17/17,A
1,11,111,09/13/17,16756.46714,0.394832566,C,C ,8/21/17,A
1,11,111,09/14/17,22677.07325,0.748530281,C,C C A C,7/30/17,A
1,11,111,09/15/17,20547.96056,0.101214957,A,C A B ,6/4/17,A
1,11,111,09/16/17,25438.22248,0.951630501,C,B C B C,9/5/17,A
1,11,111,09/17/17,25329.12959,0.958589786,C,A ,8/3/17,A
1,11,111,09/18/17,25422.33815,0.434644221,A,C A A ,6/7/17,A
1,11,111,09/19/17,30830.85152,0.828172033,A,A B,7/15/17,A
1,11,111,09/20/17,18690.52967,0.21528773,B,A B,6/30/17,A
1,11,111,09/21/17,23659.62939,0.797447552,A,B C A C,8/29/17,A
1,11,111,09/22/17,22140.95289,0.645017098,A,B C B ,7/5/17,A
1,11,111,09/23/17,27396.55929,0.216915742,A,A A ,6/18/17,A
1,11,111,09/24/17,25883.07956,0.503536222,A,A A B,8/7/17,A
1,11,111,09/25/17,25987.86106,0.872428104,A,C A B,9/12/17,A
1,11,111,09/26/17,31889.89166,0.010306759,C,C A A B,8/16/17,A
1,11,111,09/27/17,19931.11856,0.132458895,A,C B B,7/4/17,A
1,11,111,09/28/17,24696.58618,0.09092535,B,A A B,7/25/17,A
1,11,111,09/29/17,22585.7783,0.260487881,B,C A A ,8/24/17,A
1,11,111,09/30/17,29943.94706,0.585678739,B,C ,6/24/17,A
1,11,111,10/01/17,26407.45114,0.827396329,C,A B ,8/30/17,A
1,11,111,10/02/17,26682.05168,0.75302749,A,A A ,8/9/17,A
1,11,111,10/03/17,33313.10204,0.981096503,C,A A ,8/20/17,A
1,11,111,10/04/17,20558.21028,0.649023907,C,B C,8/21/17,A
1,11,111,10/05/17,25044.23048,0.763571087,C,C A ,9/2/17,A
1,11,111,10/06/17,23720.51508,0.353217759,A,B A B,8/1/17,A
1,11,111,10/07/17,32008.57414,0.721770283,B,A A ,7/12/17,A
1,11,111,10/08/17,27893.01558,0.96173573,C,C ,7/13/17,A
1,11,111,10/09/17,29221.14278,0.812398878,C,A ,7/3/17,A
1,11,111,10/10/17,35189.90919,0.326690425,A,C A B,7/27/17,A
1,11,111,10/11/17,22287.95687,0.230906983,C,B ,7/28/17,A
1,11,111,10/12/17,26729.22854,0.770248055,B,C A ,7/27/17,A
1,11,111,10/13/17,25289.00406,0.156096315,C,B C B C,7/19/17,A
1,11,111,10/14/17,32842.04256,0.327224137,A,B A C,9/16/17,A
1,11,111,10/15/17,30195.67267,0.98369678,A,B A A ,7/10/17,A
1,11,111,10/16/17,31531.15666,0.075251978,A,C A C,7/14/17,A
1,11,111,10/17/17,36501.05561,0.17112793,A,C B ,9/4/17,A
1,11,111,10/18/17,24099.41861,0.602246333,A,A B ,8/15/17,A
1,11,111,10/19/17,27726.68128,0.813942928,A,B A B B,10/3/17,A
1,11,111,10/20/17,26264.53413,0.891878124,C,B A A B,9/18/17,A
1,11,111,10/21/17,33557.46692,0.397482715,B,A ,10/12/17,A
1,11,111,10/22/17,31316.38453,0.222125328,C,C A ,8/18/17,A
1,11,111,10/23/17,31916.20966,0.172520261,B,C ,10/1/17,A
1,11,111,10/24/17,38100.36129,0.950014968,A,C C A C,8/9/17,A
1,11,111,10/25/17,24941.64539,0.343621768,B,B,9/20/17,A
1,11,111,10/26/17,30445.01171,0.76710002,C,C A B,7/17/17,A
1,11,111,10/27/17,27725.74626,0.738454157,A,A A ,8/30/17,A
1,11,111,10/28/17,35094.52737,0.628388504,A,B A A ,8/2/17,A
1,11,111,10/29/17,33250.47223,0.323993177,A,C A ,8/23/17,A
1,11,111,10/30/17,33575.47442,0.2325056,C,A ,9/5/17,A
1,11,111,10/31/17,39177.7418,0.263501817,C,B A B,10/11/17,A
1,11,111,11/01/17,26109.71979,0.369804078,A,C C A ,10/7/17,A
1,11,111,11/02/17,31193.95137,0.051138249,C,C A B,10/12/17,A
1,11,111,11/03/17,28018.74749,0.490418307,A,C A A ,10/6/17,A
1,11,111,11/04/17,35973.85874,0.883063168,C,C A B ,10/2/17,A
1,11,111,11/05/17,34283.74548,0.856583091,A,A A C,9/24/17,A
1,11,111,11/06/17,35549.09046,0.363607759,A,C A C,7/26/17,A
1,11,111,11/07/17,40137.22134,0.564414242,B,C A ,10/21/17,A
1,11,111,11/08/17,27097.83198,0.718215744,A,B B,9/10/17,A
1,11,111,11/09/17,32869.0486,0.778727123,C,C B,9/20/17,A
1,11,111,11/10/17,29360.0439,0.083277793,A,A ,9/2/17,A
1,11,111,11/11/17,37747.8577,0.970865258,A,C C,8/28/17,A
1,11,111,11/12/17,36103.77575,0.008599888,A,A ,9/17/17,A
1,11,111,11/13/17,36648.43802,0.687406849,B,C C ,10/28/17,A
1,11,111,11/14/17,41491.50747,0.574307454,A,B A A ,10/1/17,A
1,11,111,11/15/17,28398.06384,0.081067389,B,A B C,9/8/17,A
1,11,111,11/16/17,33739.1865,0.553495855,B,C A C,10/5/17,A
1,11,111,11/17/17,30126.06456,0.696301454,B,A ,10/28/17,A
1,11,111,11/18/17,39356.84529,0.776562824,B,A C,10/17/17,A
1,11,111,11/19/17,37062.29685,0.049074068,A,B ,9/29/17,A
1,11,111,11/20/17,39100.7799,0.116731587,A,A B,8/10/17,A
1,11,111,11/21/17,42638.24738,0.090837262,A,B B ,10/4/17,A
1,11,111,11/22/17,30723.91509,0.057425108,A,C C B ,8/27/17,A
1,11,111,11/23/17,35690.79819,0.13261064,A,A ,9/3/17,A
1,11,111,11/24/17,31465.62163,0.38650771,A,C A C,10/18/17,A
1,11,111,11/25/17,40991.49647,0.333135499,C,B A A B,9/3/17,A
1,11,111,11/26/17,39200.39864,0.333553211,C,B C A C,8/21/17,A
1,11,111,11/27/17,40630.04499,0.477670637,A,A B B,9/28/17,A
1,11,111,11/28/17,44772.79208,0.354326507,B,B C A B,9/21/17,A
1,11,111,11/29/17,32547.65621,0.408906568,A,B A B ,9/14/17,A
1,11,111,11/30/17,36518.93802,0.123959597,A,B B,11/15/17,A
1,11,111,12/01/17,33031.34271,0.163290732,A,B C B ,9/16/17,A
1,11,111,12/02/17,42194.41705,0.514464043,B,B A A B,10/21/17,A
1,11,111,12/03/17,41280.83197,0.939483996,C,C A B B,9/4/17,A
1,11,111,12/04/17,42444.85626,0.388079715,A,C A B ,9/5/17,A
1,11,111,12/05/17,47140.76236,0.128082419,B,B ,9/4/17,A
1,11,111,12/06/17,32859.64489,0.365565065,A,B A B B,11/26/17,A
1,11,111,12/07/17,38360.33031,0.723302159,A,B A B C,10/21/17,A
1,11,111,12/08/17,35297.92028,0.118373083,A,C A B,9/11/17,A
1,11,111,12/09/17,44627.6636,0.009680434,C,C A B C,8/29/17,A
1,11,111,12/10/17,43449.79291,0.381616135,B,A C,9/2/17,A
1,11,111,12/11/17,44537.01704,0.668880923,C,B C B ,9/11/17,A
1,11,111,12/12/17,48249.05171,0.734651488,B,B ,11/29/17,A
1,11,111,12/13/17,35593.13257,0.141948154,B,A ,8/29/17,A
1,11,111,12/14/17,40287.14264,0.631778138,A,B C A ,10/1/17,A
1,11,111,12/15/17,36991.86972,0.656879511,A,A A ,9/21/17,A
1,11,111,12/16/17,47572.0386,0.946202484,B,B A A B,9/13/17,A
1,11,111,12/17/17,45796.9641,0.826143158,C,A ,9/21/17,A
1,11,111,12/18/17,45771.29974,0.786272644,A,A ,11/3/17,A
1,11,111,12/19/17,49101.81462,0.021794787,C,A A C,12/9/17,A
1,11,111,12/20/17,37581.16606,0.722756424,A,C B ,10/22/17,A
1,11,111,12/21/17,41625.44507,0.008078083,B,A B B,11/25/17,A
1,11,111,12/22/17,37720.87999,0.574774974,B,A C,11/28/17,A
1,11,111,12/23/17,49463.74849,0.028658178,A,A A ,10/23/17,A
1,11,111,12/24/17,48103.95443,0.185046036,A,B C B ,9/8/17,A
1,11,111,12/25/17,47888.44754,0.047649794,A,C A C,10/5/17,A
1,11,111,12/26/17,52087.81399,0.952223714,B,C A B,9/12/17,A
1,11,111,12/27/17,39452.18234,0.845633247,B,C C B ,10/4/17,A
1,11,111,12/28/17,43957.45009,0.655822954,C,C B B,10/13/17,A
1,11,111,12/29/17,38062.73123,0.956512606,A,C B ,12/20/17,A
1,11,111,12/30/17,50524.46943,0.626343232,C,A A C,11/17/17,A
1,11,111,12/31/17,50331.11173,0.254894191,A,C B,9/17/17,A
1,11,111,01/01/18,49341.51093,0.000941371,C,A B C,10/24/17,A
1,11,111,01/02/18,53332.97636,0.389005993,B,C A B C,11/21/17,A
1,11,111,01/03/18,41364.0075,0.4603619,B,C B ,10/31/17,A
1,11,111,01/04/18,46153.77744,0.867082307,A,B,9/29/17,A
1,11,111,01/05/18,39948.78672,0.234385661,A,A B,11/20/17,A
1,11,111,01/06/18,53011.57741,0.101156495,A,C B,9/29/17,A
1,11,111,01/07/18,52689.40168,0.252910722,C,C A A B,10/2/17,A
1,11,111,01/08/18,51605.42275,0.822770917,A,C B,11/7/17,A
1,11,111,01/09/18,54482.97484,0.222923002,A,A A C,12/8/17,A
2,22,222,2/15/17,721.0455022,0.902137836,C,C C ,1/30/17,A
2,22,222,2/16/17,1539.536783,0.902385303,A,C A B,11/23/16,A
2,22,222,2/17/17,2110.769479,0.361203214,A,C C ,11/11/16,A
2,22,222,2/18/17,279.2245347,0.996039991,A,B ,1/23/17,A
2,22,222,2/19/17,-57.36425247,0.346143719,B,B A B ,2/8/17,A
2,22,222,2/20/17,1190.807177,0.667605321,A,C C A ,12/28/16,A
2,22,222,2/21/17,2140.749992,0.728610088,C,A C,11/21/16,A
2,22,222,2/22/17,73.02740703,0.907450486,C,C C B B,2/17/17,A
2,22,222,2/23/17,1171.772285,0.856994327,A,B A A C,12/7/16,A
2,22,222,2/24/17,1651.948596,0.134952167,B,B A ,12/28/16,A
2,22,222,2/25/17,1000.349003,0.628023952,A,A B C,11/23/16,A
2,22,222,2/26/17,-1361.653099,0.722067297,C,C B ,2/22/17,A
2,22,222,2/27/17,-280.6101518,0.166934988,A,C C A B,2/26/17,A
2,22,222,2/28/17,3434.679332,0.854701175,C,B B C,11/28/16,A
2,22,222,3/1/17,-506.0331522,0.472559092,C,A A C,2/2/17,A
2,22,222,3/2/17,583.8874978,0.570467242,A,A ,2/22/17,A
2,22,222,3/3/17,2134.572562,0.826226148,C,A B ,12/15/16,A
2,22,222,3/4/17,1502.517433,0.98018744,C,A ,12/10/16,A
2,22,222,3/5/17,-933.7777877,0.421138448,A,,12/24/16,A
2,22,222,3/6/17,-680.5015882,0.396622494,B,C A B ,2/8/17,A
2,22,222,3/7/17,3232.767512,0.128554807,C,A ,2/15/17,A
2,22,222,3/8/17,772.0296632,0.485495958,C,C A B,11/29/16,A
2,22,222,3/9/17,620.5109684,0.575374888,B,C A B ,1/28/17,A
2,22,222,3/10/17,3127.003813,0.921113709,C,,12/29/16,A
2,22,222,3/11/17,1283.995505,0.061185627,A,C A B ,2/16/17,A
2,22,222,3/12/17,-1234.390541,0.553876316,A,C C A C,2/2/17,A
2,22,222,3/13/17,-35.49133336,0.758772758,A,C A B ,1/10/17,A
2,22,222,3/14/17,3553.140613,0.717030481,A,B A B,1/9/17,A
2,22,222,3/15/17,1375.83051,0.575664576,C,C A ,1/19/17,A
2,22,222,3/16/17,1170.079634,0.055384922,B,B C A ,12/30/16,A
2,22,222,3/17/17,3383.233986,0.993401906,A,A A ,1/17/17,A
2,22,222,3/18/17,2551.402236,0.424823748,A,C A ,12/12/16,A
2,22,222,3/19/17,-2167.06419,0.812226191,A,,2/26/17,A
2,22,222,3/20/17,-387.2771218,0.975182356,A,A B,3/9/17,A
2,22,222,3/21/17,3845.501014,0.958550915,C,B A A B,2/15/17,A
2,22,222,3/22/17,2576.704038,0.339016439,B,C B C,12/12/16,A
2,22,222,3/23/17,-35.15372843,0.26470714,A,A B,3/13/17,A
2,22,222,3/24/17,3956.448956,0.02875505,A,B A B C,1/26/17,A
2,22,222,3/25/17,2766.704165,0.63441483,A,B B,2/17/17,A
2,22,222,3/26/17,-1712.226752,0.530199021,A,B A C,1/1/17,A
2,22,222,3/27/17,-926.2732834,0.756132669,C,C A C,2/23/17,A
2,22,222,3/28/17,4637.204369,0.916247387,A,B A C,1/2/17,A
2,22,222,3/29/17,1736.473933,0.282549541,A,C A A ,3/24/17,A
2,22,222,3/30/17,-631.8952993,0.820465078,A,C A ,3/28/17,A
2,22,222,3/31/17,4427.52938,0.419161369,C,B A A ,1/7/17,A
2,22,222,4/1/17,3695.094597,0.658082433,B,C B B,1/12/17,A
2,22,222,4/2/17,-2237.587435,0.89297677,A,B C A ,2/23/17,A
2,22,222,4/3/17,-1430.35376,0.770181986,B,C C B B,4/1/17,A
2,22,222,4/4/17,3925.909675,0.453112862,A,B A B B,3/9/17,A
2,22,222,4/5/17,2278.372987,0.6304595,A,A C,2/6/17,A
2,22,222,4/6/17,-1101.928428,0.04502283,A,C B ,4/4/17,A
2,22,222,4/7/17,4310.505527,0.678639513,A,B A C,3/21/17,A
2,22,222,4/8/17,4017.517678,0.090966262,C,B,3/4/17,A
2,22,222,4/9/17,-2511.66162,0.711515699,A,A A B,3/28/17,A
2,22,222,4/10/17,-461.4849849,0.897028377,C,A A B,1/30/17,A
2,22,222,4/11/17,3222.906564,0.381226654,A,A A C,4/4/17,A
2,22,222,4/12/17,2314.799503,0.623170567,A,B A ,2/7/17,A
2,22,222,4/13/17,-609.7302596,0.559693174,A,B A A ,2/28/17,A
2,22,222,4/14/17,5106.771578,0.209894441,A,A A C,1/11/17,A
2,22,222,4/15/17,5177.031849,0.984200648,C,B C B ,1/21/17,A
2,22,222,4/16/17,-1815.999896,0.284116855,B,A A C,1/30/17,A
2,22,222,4/17/17,-474.6168079,0.259562656,C,,3/27/17,A
2,22,222,4/18/17,2787.552876,0.625071192,B,A B ,4/5/17,A
2,22,222,4/19/17,2565.793034,0.158730153,C,A C,3/1/17,A
2,22,222,4/20/17,671.2258302,0.580086094,B,C A ,2/10/17,A
2,22,222,4/21/17,4574.887036,0.181377733,A,B C A B,3/22/17,A
2,22,222,4/22/17,5737.399423,0.056389647,A,B A ,2/24/17,A
2,22,222,4/23/17,-384.0880341,0.047297621,A,B C A ,1/20/17,A
2,22,222,4/24/17,279.3440145,0.287211668,A,C A B,2/2/17,A
2,22,222,4/25/17,2678.438484,0.890240853,A,C A C,3/9/17,A
2,22,222,4/26/17,1397.610486,0.291129375,C,B A A ,4/23/17,A
2,22,222,4/27/17,1545.743078,0.531313642,B,C A B ,3/11/17,A
2,22,222,4/28/17,4546.959648,0.103189782,A,B A A B,3/12/17,A
2,22,222,4/29/17,5484.289272,0.592017886,C,C B ,3/22/17,A
2,22,222,4/30/17,-697.7624791,0.186158798,B,C A ,4/10/17,A
2,22,222,5/1/17,229.4448729,0.932197093,B,C C A C,4/16/17,A
2,22,222,5/2/17,2996.499034,0.418438937,B,A A B,3/15/17,A
2,22,222,5/3/17,1623.389264,0.709862736,C,C A ,3/14/17,A
2,22,222,5/4/17,2695.827454,0.474630143,B,C A B ,2/6/17,A
2,22,222,5/5/17,3498.122445,0.490304856,C,C A A ,5/4/17,A
2,22,222,5/6/17,6524.975192,0.025587214,A,C C ,2/12/17,A
2,22,222,5/7/17,-622.1818005,0.081661169,A,B A A C,4/1/17,A
2,22,222,5/8/17,599.2217645,0.204623872,A,A A ,3/3/17,A
2,22,222,5/9/17,3532.99742,0.657706821,A,B A A ,3/18/17,A
2,22,222,5/10/17,2007.667193,0.050131628,C,B A A ,2/24/17,A
2,22,222,5/11/17,3241.863487,0.574827693,A,B C,3/27/17,A
2,22,222,5/12/17,2711.127434,0.072688785,B,B A A ,5/4/17,A
2,22,222,5/13/17,6888.418511,0.080440814,A,A A B,3/12/17,A
2,22,222,5/14/17,333.9922986,0.895047987,A,B A B ,2/10/17,A
2,22,222,5/15/17,896.8174519,0.271323294,A,C A ,3/30/17,A
2,22,222,5/16/17,4425.39882,0.389016,B,A B ,3/9/17,A
2,22,222,5/17/17,2519.003072,0.524918896,B,C C A C,4/23/17,A
2,22,222,5/18/17,2922.581755,0.815344784,A,C A B,4/25/17,A
2,22,222,5/19/17,2907.168158,0.768566315,A,C A A B,4/21/17,A
2,22,222,5/20/17,7358.991274,0.355127624,C,B ,3/14/17,A
2,22,222,5/21/17,345.0614914,0.953627779,B,B,4/15/17,A
2,22,222,5/22/17,2296.892939,0.499934567,B,C A C,3/7/17,A
2,22,222,5/23/17,4307.176914,0.499828813,A,,4/9/17,A
2,22,222,5/24/17,3630.539663,0.114224895,A,B A B ,3/14/17,A
2,22,222,5/25/17,2365.717406,0.539538099,C,A B,5/3/17,A
2,22,222,5/26/17,4177.030182,0.15625068,B,B ,3/10/17,A
2,22,222,5/27/17,7076.05912,0.230817813,B,A A ,5/12/17,A
2,22,222,5/28/17,-99.7928634,0.073566979,A,A ,5/23/17,A
2,22,222,5/29/17,3721.527005,0.865922536,A,B C B ,3/9/17,A
2,22,222,5/30/17,5347.788904,0.816236123,A,A A ,3/30/17,A
2,22,222,5/31/17,4737.60057,0.161537092,A,C A ,3/18/17,A
2,22,222,6/1/17,3883.834082,0.250310032,A,C B B,3/5/17,A
2,22,222,6/2/17,4734.185447,0.953344725,A,C A C,4/3/17,A
2,22,222,6/3/17,7719.649937,0.572045682,A,B A A B,4/21/17,A
2,22,222,6/4/17,1342.254179,0.516134609,B,B A ,3/8/17,A
2,22,222,6/5/17,4610.351818,0.889443911,A,A B C,4/12/17,A
2,22,222,6/6/17,6176.829207,0.136755523,A,A B ,3/30/17,A
2,22,222,6/7/17,6119.601291,0.563256483,B,C A A C,3/1/17,A
2,22,222,6/8/17,4538.509133,0.124860415,A,C B B,5/4/17,A
2,22,222,6/9/17,4029.406105,0.015201913,A,C A ,5/30/17,A
2,22,222,6/10/17,7188.882836,0.568140354,C,B A C,6/7/17,A
2,22,222,6/11/17,1593.538627,0.845896241,A,C A B C,4/17/17,A
2,22,222,6/12/17,6380.720158,0.085928208,A,,3/6/17,A
2,22,222,6/13/17,5372.267344,0.226266381,A,C A A B,6/10/17,A
2,22,222,6/14/17,7547.325386,0.853963487,B,C A C,3/29/17,A
2,22,222,6/15/17,5271.077856,0.932754715,C,B A B,3/26/17,A
2,22,222,6/16/17,4758.109185,0.695069169,B,A A ,4/3/17,A
2,22,222,6/17/17,8102.197233,0.560415615,A,A A ,4/26/17,A
2,22,222,6/18/17,2770.628552,0.589536663,C,C C B ,4/11/17,A
2,22,222,6/19/17,6327.40392,0.571893514,A,C A ,5/27/17,A
2,22,222,6/20/17,6128.927725,0.767687563,A,B A B,4/13/17,A
2,22,222,6/21/17,7941.936992,0.515154061,A,B A A C,4/30/17,A
2,22,222,6/22/17,6189.04188,0.167851115,A,C C ,4/22/17,A
2,22,222,6/23/17,5803.705682,0.128216782,C,A C,3/30/17,A
2,22,222,6/24/17,8578.966441,0.291800161,C,C C B,4/28/17,A
2,22,222,6/25/17,2449.671497,0.960112016,C,A B,6/24/17,A
2,22,222,6/26/17,6373.568719,0.013374819,C,C A B ,5/8/17,A
2,22,222,6/27/17,5966.422264,0.05234469,A,C A B,6/13/17,A
2,22,222,6/28/17,9450.906129,0.505809806,C,A A ,3/25/17,A
2,22,222,6/29/17,6848.563463,0.81999713,C,C A B ,4/19/17,A
2,22,222,6/30/17,6797.108049,0.298292325,C,A ,5/3/17,A
2,22,222,7/1/17,9525.761845,0.166950311,B,B,4/24/17,A
2,22,222,7/2/17,3859.39489,0.992456158,A,B A B ,4/11/17,A
2,22,222,7/3/17,7224.520976,0.494363862,A,B A A C,5/3/17,A
2,22,222,7/4/17,6237.746204,0.258103992,B,C A B B,5/26/17,A
2,22,222,7/5/17,10803.54288,0.824584444,B,B A B,4/24/17,A
2,22,222,7/6/17,6868.94317,0.747392723,C,A B ,6/14/17,A
2,22,222,7/7/17,6506.449215,0.378641968,A,A B ,6/21/17,A
2,22,222,7/8/17,9162.736418,0.195406583,C,C A ,6/22/17,A
2,22,222,7/9/17,4899.159739,0.585357,A,A A C,5/15/17,A
2,22,222,7/10/17,7517.053457,0.186617083,B,B A A ,7/8/17,A
2,22,222,7/11/17,8160.781247,0.914917207,B,C C A ,4/9/17,A
2,22,222,7/12/17,10598.68647,0.471530203,A,A A C,6/13/17,A
2,22,222,7/13/17,6287.242795,0.630437053,C,A ,7/13/17,A
2,22,222,7/14/17,7666.414501,0.758980633,A,C A B,4/8/17,A
2,22,222,7/15/17,8991.424103,0.251679587,C,B C B ,6/13/17,A
2,22,222,7/16/17,5687.321992,0.758544287,A,C A ,5/9/17,A
2,22,222,7/17/17,7132.225953,0.885343545,C,C A B ,7/17/17,A
2,22,222,7/18/17,8789.261478,0.021579087,A,A A ,5/15/17,A
2,22,222,7/19/17,10520.99013,0.945933677,A,A B ,6/21/17,A
2,22,222,7/20/17,6650.39088,0.034054912,B,B C,6/5/17,A
2,22,222,7/21/17,8050.582858,0.938223014,A,A B,6/2/17,A
2,22,222,7/22/17,9819.5004,0.197494615,C,B C,5/12/17,A
2,22,222,7/23/17,6538.422515,0.791129074,B,A A B,6/13/17,A
2,22,222,7/24/17,7349.459314,0.056875676,C,C A C,7/11/17,A
2,22,222,7/25/17,9243.08907,0.124912099,A,,6/29/17,A
2,22,222,7/26/17,10298.08848,0.813649451,B,A B B,7/12/17,A
2,22,222,7/27/17,8143.35638,0.480130052,C,A ,4/22/17,A
2,22,222,7/28/17,8520.363541,0.859916119,C,A B ,6/12/17,A
2,22,222,7/29/17,11515.94831,0.748594985,A,A B,4/27/17,A
2,22,222,7/30/17,7972.432965,0.334737503,A,B C A ,5/15/17,A
2,22,222,7/31/17,7610.783403,0.781620459,C,C A ,7/15/17,A
2,22,222,8/1/17,9329.82543,0.050688524,C,A A ,7/24/17,A
2,22,222,8/2/17,12087.07483,0.692828445,A,C,4/27/17,A
2,22,222,8/3/17,8509.63769,0.218534944,A,C A C,7/13/17,A
2,22,222,8/4/17,9936.832941,0.635812581,C,A B ,5/19/17,A
2,22,222,8/5/17,12250.62993,0.24977116,A,A A ,7/4/17,A
2,22,222,8/6/17,8680.911169,0.504724553,C,C C B,6/4/17,A
2,22,222,8/7/17,8531.618258,0.931806907,C,A B,6/5/17,A
2,22,222,8/8/17,10676.07162,0.867592388,A,A ,5/3/17,A
2,22,222,8/9/17,12506.77859,0.034062995,A,C A A ,6/23/17,A
2,22,222,8/10/17,9135.040832,0.033715832,B,C A B,7/26/17,A
2,22,222,8/11/17,10449.96472,0.23998743,B,A A B,7/2/17,A
2,22,222,8/12/17,12926.11746,0.16930282,A,A ,7/2/17,A
2,22,222,8/13/17,9480.092201,0.1994689,C,C ,6/19/17,A
2,22,222,8/14/17,9112.362486,0.498956245,C,B A A ,7/6/17,A
2,22,222,8/15/17,10645.50341,0.135153188,C,B C ,7/22/17,A
2,22,222,8/16/17,14638.99947,0.66175448,B,B C B C,5/11/17,A
2,22,222,8/17/17,10319.79867,0.11406457,A,A C,5/27/17,A
2,22,222,8/18/17,10841.81204,0.221336824,A,C A B,7/14/17,A
2,22,222,8/19/17,13233.04917,0.673434527,C,A C,7/26/17,A
2,22,222,8/20/17,9211.410572,0.484407384,A,B A A C,8/14/17,A
2,22,222,8/21/17,10305.96042,0.502382354,C,A A B,6/7/17,A
2,22,222,8/22/17,12411.87304,0.664045448,B,C B C,5/18/17,A
2,22,222,8/23/17,16134.35863,0.451497775,B,,6/12/17,A
2,22,222,8/24/17,10721.05454,0.208561874,C,A A B,8/7/17,A
2,22,222,8/25/17,11103.15603,0.965214311,C,A A C,8/25/17,A
2,22,222,8/26/17,13745.99583,0.782742766,A,C A B B,7/23/17,A
2,22,222,8/27/17,9592.280661,0.187427001,A,B A B ,7/15/17,A
2,22,222,8/28/17,10802.12597,0.242350232,A,B C B B,8/17/17,A
2,22,222,8/29/17,12517.30689,0.03502194,B,B C ,8/29/17,A
2,22,222,8/30/17,17288.76603,0.27677592,C,C A ,7/15/17,A
2,22,222,8/31/17,11791.39767,0.21535779,C,C,7/21/17,A
2,22,222,9/1/17,13155.21524,0.119089706,C,C B B,5/24/17,A
2,22,222,9/2/17,14545.46891,0.313325091,A,B A ,8/5/17,A
2,22,222,9/3/17,10304.13239,0.45356592,C,A A B,8/6/17,A
2,22,222,9/4/17,12370.30948,0.960484941,A,C B C,6/9/17,A
2,22,222,9/5/17,13405.92832,0.60240956,C,A A C,8/3/17,A
2,22,222,9/6/17,17798.64512,0.976974672,A,B A B B,8/9/17,A
2,22,222,9/7/17,13605.15175,0.210538578,C,C B,6/28/17,A
2,22,222,9/8/17,15121.46018,0.204773984,A,B C A ,6/14/17,A
2,22,222,9/9/17,16858.44581,0.581498954,A,A A ,6/8/17,A
2,22,222,9/10/17,11269.07729,0.100723723,C,B A B ,7/17/17,A
2,22,222,9/11/17,13800.70783,0.992702223,B,C A B B,6/28/17,A
2,22,222,9/12/17,13929.4613,0.701307258,C,A A ,8/27/17,A
2,22,222,9/13/17,18453.78272,0.940590998,A,B A B,8/23/17,A
2,22,222,9/14/17,13662.32375,0.18603846,B,A A ,9/6/17,A
2,22,222,9/15/17,16259.63277,0.821599059,B,C A B,7/15/17,A
2,22,222,9/16/17,18815.96313,0.002592841,A,C A ,6/20/17,A
2,22,222,9/17/17,12582.93907,0.274292189,A,C B ,6/19/17,A
2,22,222,9/18/17,14639.69475,0.083072204,A,B A B B,7/29/17,A
2,22,222,9/19/17,14375.32459,0.092410579,B,C C A C,8/20/17,A
2,22,222,9/20/17,20050.86154,0.631784279,A,C A B,6/18/17,A
2,22,222,9/21/17,15250.43432,0.55766955,C,A ,6/26/17,A
2,22,222,9/22/17,18650.74267,0.925939875,A,B A A ,6/19/17,A
2,22,222,9/23/17,19133.48619,0.074924803,C,C A ,9/18/17,A
2,22,222,9/24/17,14218.91539,0.747742048,A,C A ,7/25/17,A
2,22,222,9/25/17,15149.4209,0.98124236,C,C A A C,8/29/17,A
2,22,222,9/26/17,15203.20252,0.719682372,B,A A ,8/3/17,A
2,22,222,9/27/17,20246.04977,0.988480238,A,,8/29/17,A
2,22,222,9/28/17,16699.8837,0.4648362,C,C A ,8/5/17,A
2,22,222,9/29/17,19561.05295,0.153360318,B,A A ,9/4/17,A
2,22,222,9/30/17,19319.14128,0.506105749,C,A ,9/16/17,A
2,22,222,10/1/17,15765.92055,0.841798392,A,B A B B,7/14/17,A
2,22,222,10/2/17,16806.90798,0.383468683,A,A B C,7/22/17,A
2,22,222,10/3/17,15328.93573,0.248926553,A,B B B,9/26/17,A
2,22,222,10/4/17,20974.62914,0.255208671,C,C A ,9/21/17,A
2,22,222,10/5/17,17721.28738,0.654446537,C,B A ,8/28/17,A
2,22,222,10/6/17,21300.69845,0.497279816,A,C A ,7/30/17,A
2,22,222,10/7/17,20020.26932,0.305632966,B,C A B,8/28/17,A
2,22,222,10/8/17,17932.01067,0.953049535,A,B A C,7/21/17,A
2,22,222,10/9/17,18478.02758,0.726055527,A,C A ,8/3/17,A
2,22,222,10/10/17,16668.31994,0.285932449,B,A B,8/25/17,A
2,22,222,10/11/17,23285.35915,0.291894351,B,B A A ,7/17/17,A
2,22,222,10/12/17,18160.79612,0.495120592,A,C A ,9/20/17,A
2,22,222,10/13/17,22848.76687,0.984989318,C,B A A ,7/25/17,A
2,22,222,10/14/17,20729.17335,0.993502652,A,A A ,9/2/17,A
2,22,222,10/15/17,18948.91881,0.442246352,A,B C ,8/25/17,A
2,22,222,10/16/17,21003.36919,0.547669395,A,C ,7/12/17,A
2,22,222,10/17/17,17749.54712,0.204572629,B,B B B,9/13/17,A
2,22,222,10/18/17,24304.44097,0.018198817,A,C C B C,8/13/17,A
2,22,222,10/19/17,19942.24511,0.587387363,A,A A ,7/22/17,A
2,22,222,10/20/17,23777.55878,0.045025953,A,B A ,9/6/17,A
2,22,222,10/21/17,20886.47093,0.84737435,A,A C,9/30/17,A
2,22,222,10/22/17,20511.50354,0.734745443,B,B A A C,8/17/17,A
2,22,222,10/23/17,21719.9227,0.676216906,B,A ,10/11/17,A
2,22,222,10/24/17,18262.79,0.861009552,C,B A B B,10/20/17,A
2,22,222,10/25/17,25335.1223,0.625389809,A,C A A C,10/8/17,A
2,22,222,10/26/17,21227.88833,0.421215029,A,C A B B,9/2/17,A
2,22,222,10/27/17,26369.93898,0.285907797,B,C C B,7/28/17,A
2,22,222,10/28/17,22905.27394,0.070995225,B,A A B,8/18/17,A
2,22,222,10/29/17,21589.66659,0.239861579,A,C A A ,9/2/17,A
2,22,222,10/30/17,22859.7572,0.709343876,B,C B B,9/28/17,A
2,22,222,10/31/17,18935.29473,0.471450899,A,B A A B,9/13/17,A
2,22,222,11/1/17,26400.91827,0.737013312,B,C B B,9/24/17,A
2,22,222,11/2/17,21873.92896,0.84452445,B,B B C,10/26/17,A
2,22,222,11/3/17,28548.60315,0.269259185,B,C B ,7/31/17,A
2,22,222,11/4/17,24458.19696,0.648872779,A,C A A ,8/16/17,A
2,22,222,11/5/17,23329.93339,0.636379452,A,C B,8/24/17,A
2,22,222,11/6/17,23473.32759,0.472905658,A,C A ,10/7/17,A
2,22,222,11/7/17,20171.47112,0.630879394,A,C A A C,9/28/17,A
2,22,222,11/8/17,28096.2785,0.022971144,A,C B ,9/16/17,A
2,22,222,11/9/17,22794.20248,0.313847389,C,C A A ,10/13/17,A
2,22,222,11/10/17,30418.71524,0.036068563,A,,9/2/17,A
2,22,222,11/11/17,25059.35223,0.116299175,C,C ,10/14/17,A
2,22,222,11/12/17,24307.8909,0.895172694,A,A A B,10/24/17,A
2,22,222,11/13/17,26015.11008,0.077040481,A,C A C,8/11/17,A
2,22,222,11/14/17,21104.96029,0.44023104,A,C C,10/19/17,A
2,22,222,11/15/17,29040.03573,0.527216441,B,B C A B,10/21/17,A
2,22,222,11/16/17,24269.01144,0.928436524,C,A ,9/10/17,A
2,22,222,11/17/17,32379.64436,0.489375132,A,C A ,8/29/17,A
2,22,222,11/18/17,27250.43145,0.506389473,C,B A C,8/29/17,A
2,22,222,11/19/17,25107.79325,0.68421576,A,A A C,11/5/17,A
2,22,222,11/20/17,28555.52097,0.467264388,A,C A A ,8/13/17,A
2,22,222,11/21/17,22633.67771,0.007761662,C,A C,10/11/17,A
2,22,222,11/22/17,31148.05124,0.47579796,C,C C B,9/12/17,A
2,22,222,11/23/17,26528.96819,0.820139229,C,B A B,8/27/17,A
2,22,222,11/24/17,34479.62417,0.067218026,B,B A A B,9/17/17,A
2,22,222,11/25/17,28306.19055,0.133589177,A,B B ,10/10/17,A
2,22,222,11/26/17,26012.17297,0.531445988,C,A C,11/15/17,A
2,22,222,11/27/17,30162.00086,0.071243866,A,B B C,9/9/17,A
2,22,222,11/28/17,24764.37799,0.946486662,C,A ,9/19/17,A
2,22,222,11/29/17,31733.78359,0.94503155,C,A B ,11/27/17,A
2,22,222,11/30/17,27781.51398,0.032339728,A,A B,10/27/17,A
2,22,222,12/1/17,36812.4051,0.914757566,B,A B ,9/13/17,A
2,22,222,12/2/17,29231.98572,0.39104338,A,B A A ,11/29/17,A
2,22,222,12/3/17,27220.01577,0.099719673,A,,11/1/17,A
2,22,222,12/4/17,32208.91928,0.143858463,A,A B ,9/4/17,A
2,22,222,12/5/17,26828.48274,0.108062383,A,C B ,9/4/17,A
2,22,222,12/6/17,32532.89739,0.366721989,C,C A A ,11/3/17,A
2,22,222,12/7/17,29533.53385,0.458497714,C,A B B,10/8/17,A
2,22,222,12/8/17,38111.12199,0.618396747,A,A A C,11/6/17,A
2,22,222,12/9/17,30587.25863,0.231704028,B,A A ,10/6/17,A
2,22,222,12/10/17,29174.77841,0.879379757,B,C B,10/24/17,A
2,22,222,12/11/17,33455.11514,0.539115959,A,B ,11/8/17,A
2,22,222,12/12/17,29740.63725,0.269566095,B,B A A C,9/5/17,A
2,22,222,12/13/17,33643.47367,0.469845919,A,C A C,12/3/17,A
2,22,222,12/14/17,32152.24976,0.844896862,A,B A A C,9/20/17,A
2,22,222,12/15/17,39413.01507,0.993789343,B,C B C,11/22/17,A
2,22,222,12/16/17,31832.69941,0.623188346,A,A ,11/29/17,A
2,22,222,12/17/17,31481.20661,0.606258145,B,B A A B,10/14/17,A
2,22,222,12/18/17,35436.31498,0.456383928,B,C A B,10/30/17,A
2,22,222,12/19/17,30396.33114,0.200456059,A,C A B,12/13/17,A
2,22,222,12/20/17,34914.04563,0.12702034,B,C C,10/28/17,A
2,22,222,12/21/17,32266.88144,0.197147928,C,C B ,12/19/17,A
2,22,222,12/22/17,40840.02075,0.337636612,A,B C B ,10/24/17,A
2,22,222,12/23/17,33126.92508,0.377047361,A,A A ,11/22/17,A
2,22,222,12/24/17,33094.2766,0.333706395,B,C A ,11/14/17,A
2,22,222,12/25/17,36874.47642,0.218962084,A,B A C,11/2/17,A
2,22,222,12/26/17,31589.01004,0.888032989,A,A A B,11/9/17,A
2,22,222,12/27/17,35673.47078,0.497398244,B,A A C,12/25/17,A
2,22,222,12/28/17,33433.11263,0.7531802,A,B C B C,11/5/17,A
2,22,222,12/29/17,42911.18517,0.158488695,A,A B,10/4/17,A
2,22,222,12/30/17,35018.57016,0.193589152,C,B B C,10/30/17,A
2,22,222,12/31/17,35154.77175,0.818176431,A,C A B C,10/29/17,A
2,22,222,1/1/18,38999.34864,0.625324323,A,C A B,10/29/17,A
2,22,222,1/2/18,34207.55289,0.882390848,A,B A B,9/28/17,A
2,22,222,1/3/18,37024.92369,0.223603703,A,C A B,11/23/17,A
2,22,222,1/4/18,35864.52629,0.310408661,B,C ,10/8/17,A
2,22,222,1/5/18,44258.43648,0.279576137,A,A ,12/6/17,A
2,22,222,1/6/18,37518.74242,0.997316281,A,A A B,10/28/17,A
2,22,222,1/7/18,36708.19112,0.460497408,B,C A A C,12/17/17,A
2,22,222,1/8/18,41858.52486,0.805978669,A,B C A C,10/7/17,A
2,22,222,1/9/18,36509.50704,0.099830756,B,A A C,10/20/17,A
3,33,333,1/3/18,37024.92369,0.223603703,A,C A B,11/23/17,A
3,33,333,1/4/18,35864.52629,0.310408661,B,C ,10/8/17,A
3,33,333,1/5/18,44258.43648,0.279576137,A,A ,12/6/17,A
3,33,333,1/6/18,37518.74242,0.997316281,A,A A B,10/28/17,A
3,33,333,1/7/18,36708.19112,0.460497408,B,C A A C,12/17/17,A
3,33,333,1/8/18,41858.52486,0.805978669,A,B C A C,10/7/17,A
3,33,333,1/9/18,36509.50704,0.099830756,B,A A C,10/20/17,A
